...1,p_match,inns,bat,p_bat,team_bat,bowl,p_bowl,team_bowl,ball,ball_id,outcome,score,out,dismissal,p_out,over,noball,wide,byes,legbyes,cur_bat_runs,cur_bat_bf,cur_bowl_ovr,cur_bowl_wkts,cur_bowl_runs,inns_runs,inns_wkts,inns_balls,trail_by,lead_by,day,session,target,date,year,ground,country,winner,toss,competition,bat_hand,bowl_style,bowl_kind,batruns,ballfaced,bowlruns,bat_out,wagonX,wagonY,wagonZone,line,length,shot,control,predscore,wprob
812743,690349,1,Kumar Sangakkara,50710,Sri Lanka,Al-Amin Hossain,511532,Bangladesh,5,18.05,run,2,FALSE,NA,50710,19,0,0,0,0,5,13,6.5,0,15,46,1,113,0,0,1,1,0,2014-02-04,2014,"Zahur Ahmed Chowdhury Stadium, Chittagong",Bangladesh,-,Sri Lanka,NA,LHB,RMF,pace bowler,2,1,2,TRUE,-125,-29,6,NA,NA,LEG_GLANCE,0,-1,-1
812746,690349,1,Kumar Sangakkara,50710,Sri Lanka,Al-Amin Hossain,511532,Bangladesh,2,22.02,run,1,FALSE,NA,50710,23,0,0,0,0,7,21,8.2,1,16,55,2,134,0,0,1,1,0,2014-02-04,2014,"Zahur Ahmed Chowdhury Stadium, Chittagong",Bangladesh,-,Sri Lanka,NA,LHB,RMF,pace bowler,1,1,1,TRUE,120,-42,3,NA,NA,OFF_SIDE_DRIVE_ON_FRONT_FOOT,1,-1,-1
812754,690349,1,Kumar Sangakkara,50710,Sri Lanka,Al-Amin Hossain,511532,Bangladesh,5,30.05,four,4,FALSE,NA,50710,31,0,0,0,0,20,51,10.5,1,22,80,2,185,0,0,1,2,0,2014-02-04,2014,"Zahur Ahmed Chowdhury Stadium, Chittagong",Bangladesh,-,Sri Lanka,NA,LHB,RMF,pace bowler,4,1,4,TRUE,63,-154,4,NA,NA,OFF_SIDE_DRIVE_ON_FRONT_FOOT,1,-1,-1
812762,690349,1,Kumar Sangakkara,50710,Sri Lanka,Al-Amin Hossain,511532,Bangladesh,1,34.01,run,1,FALSE,NA,50710,35,0,0,0,0,24,62,12.1,1,23,89,2,205,0,0,1,2,0,2014-02-04,2014,"Zahur Ahmed Chowdhury Stadium, Chittagong",Bangladesh,-,Sri Lanka,NA,LHB,RMF,pace bowler,1,1,1,TRUE,-110,-31,6,NA,NA,NO_SHOT,1,-1,-1
812763,690349,1,Kumar Sangakkara,50710,Sri Lanka,Al-Amin Hossain,511532,Bangladesh,3,52.03,run,1,FALSE,NA,50710,53,0,0,0,0,74,123,13.3,1,27,161,2,315,0,0,1,2,0,2014-02-04,2014,"Zahur Ahmed Chowdhury Stadium, Chittagong",Bangladesh,-,Sri Lanka,NA,LHB,RMF,pace bowler,1,1,1,TRUE,-116,-65,6,NA,NA,LEG_GLANCE,1,-1,-1
812764,690349,1,Kumar Sangakkara,50710,Sri Lanka,Al-Amin Hossain,511532,Bangladesh,6,52.06,run,1,FALSE,NA,50710,53,0,0,0,0,75,124,14,1,29,163,2,318,0,0,1,2,0,2014-02-04,2014,"Zahur Ahmed Chowdhury Stadium, Chittagong",Bangladesh,-,Sri Lanka,NA,LHB,RMF,pace bowler,1,1,1,TRUE,-142,0,6,NA,NA,LEG_GLANCE,1,-1,-1
812768,690349,1,Kumar Sangakkara,50710,Sri Lanka,Al-Amin Hossain,511532,Bangladesh,2,96.02,run,2,FALSE,NA,50710,97,0,0,0,0,167,260,21.2,1,59,332,5,578,0,0,2,1,0,2014-02-04,2014,"Zahur Ahmed Chowdhury Stadium, Chittagong",Bangladesh,-,Sri Lanka,NA,LHB,RMF,pace bowler,2,1,2,TRUE,-134,-65,6,NA,NA,PULL_HOOK_ON_BACK_FOOT,1,-1,-1
812770,690349,1,Kumar Sangakkara,50710,Sri Lanka,Al-Amin Hossain,511532,Bangladesh,4,96.04,run,2,FALSE,NA,50710,97,0,0,0,0,169,262,21.4,1,61,334,5,580,0,0,2,1,0,2014-02-04,2014,"Zahur Ahmed Chowdhury Stadium, Chittagong",Bangladesh,-,Sri Lanka,NA,LHB,RMF,pace bowler,2,1,2,TRUE,-147,-38,6,NA,NA,PULL_HOOK_ON_BACK_FOOT,1,-1,-1
812771,690349,1,Kumar Sangakkara,50710,Sri Lanka,Al-Amin Hossain,511532,Bangladesh,5,96.05,run,1,FALSE,NA,50710,97,0,0,0,0,170,263,21.5,1,62,335,5,581,0,0,2,1,0,2014-02-04,2014,"Zahur Ahmed Chowdhury Stadium, Chittagong",Bangladesh,-,Sri Lanka,NA,LHB,RMF,pace bowler,1,1,1,TRUE,-125,62,7,NA,NA,PULL_HOOK_ON_BACK_FOOT,1,-1,-1
812773,690349,1,Kumar Sangakkara,50710,Sri Lanka,Al-Amin Hossain,511532,Bangladesh,2,84.02,four,4,FALSE,NA,50710,85,0,0,0,0,143,220,16.2,1,38,286,3,506,0,0,1,3,0,2014-02-04,2014,"Zahur Ahmed Chowdhury Stadium, Chittagong",Bangladesh,-,Sri Lanka,NA,LHB,RMF,pace bowler,4,1,4,TRUE,-63,152,8,NA,NA,LEG_GLANCE,1,-1,-1
812774,690349,1,Kumar Sangakkara,50710,Sri Lanka,Al-Amin Hossain,511532,Bangladesh,3,84.03,run,1,FALSE,NA,50710,85,0,0,0,0,144,221,16.3,1,39,287,3,507,0,0,1,3,0,2014-02-04,2014,"Zahur Ahmed Chowdhury Stadium, Chittagong",Bangladesh,-,Sri Lanka,NA,LHB,RMF,pace bowler,1,1,1,TRUE,129,-61,3,NA,NA,OFF_SIDE_DRIVE_ON_FRONT_FOOT,1,-1,-1
812778,690349,1,Kumar Sangakkara,50710,Sri Lanka,Al-Amin Hossain,511532,Bangladesh,4,86.04,run,2,FALSE,NA,50710,87,0,0,0,0,147,227,17.4,1,47,296,4,520,0,0,1,3,0,2014-02-04,2014,"Zahur Ahmed Chowdhury Stadium, Chittagong",Bangladesh,-,Sri Lanka,NA,LHB,RMF,pace bowler,2,1,2,TRUE,-140,-39,6,NA,NA,LEG_GLANCE,1,-1,-1
812779,690349,1,Kumar Sangakkara,50710,Sri Lanka,Al-Amin Hossain,511532,Bangladesh,5,86.05,four,4,FALSE,NA,50710,87,0,0,0,0,151,228,17.5,1,51,300,4,521,0,0,1,3,0,2014-02-04,2014,"Zahur Ahmed Chowdhury Stadium, Chittagong",Bangladesh,-,Sri Lanka,NA,LHB,RMF,pace bowler,4,1,4,TRUE,-153,-89,6,NA,NA,LEG_GLANCE,1,-1,-1
812791,690349,1,Kumar Sangakkara,50710,Sri Lanka,Al-Amin Hossain,511532,Bangladesh,3,88.03,four,4,FALSE,NA,50710,89,0,0,0,0,155,232,18.3,1,55,308,4,531,0,0,1,3,0,2014-02-04,2014,"Zahur Ahmed Chowdhury Stadium, Chittagong",Bangladesh,-,Sri Lanka,NA,LHB,RMF,pace bowler,4,1,4,TRUE,109,-122,4,NA,NA,OFF_SIDE_DRIVE_ON_FRONT_FOOT,1,-1,-1
812794,690349,1,Kumar Sangakkara,50710,Sri Lanka,Al-Amin Hossain,511532,Bangladesh,6,88.06,run,1,FALSE,NA,50710,89,0,0,0,0,156,235,19,1,56,309,4,534,0,0,1,3,0,2014-02-04,2014,"Zahur Ahmed Chowdhury Stadium, Chittagong",Bangladesh,-,Sri Lanka,NA,LHB,RMF,pace bowler,1,1,1,TRUE,166,-23,3,NA,NA,OFF_SIDE_DRIVE_ON_FRONT_FOOT,1,-1,-1
812795,690349,1,Kumar Sangakkara,50710,Sri Lanka,Al-Amin Hossain,511532,Bangladesh,1,128.01,run,1,FALSE,NA,50710,129,0,0,0,0,230,372,23.1,1,68,454,7,769,0,0,2,2,0,2014-02-04,2014,"Zahur Ahmed Chowdhury Stadium, Chittagong",Bangladesh,-,Sri Lanka,NA,LHB,RMF,pace bowler,1,1,1,TRUE,-124,-26,6,NA,NA,LEG_GLANCE,1,-1,-1
812796,690349,1,Kumar Sangakkara,50710,Sri Lanka,Al-Amin Hossain,511532,Bangladesh,3,128.03,run,1,FALSE,NA,50710,129,0,0,0,0,231,373,23.3,1,72,458,7,771,0,0,2,2,0,2014-02-04,2014,"Zahur Ahmed Chowdhury Stadium, Chittagong",Bangladesh,-,Sri Lanka,NA,LHB,RMF,pace bowler,1,1,1,TRUE,-89,-103,5,NA,NA,ON_SIDE_DRIVE_ON_FRONT_FOOT,1,-1,-1
812797,690349,1,Kumar Sangakkara,50710,Sri Lanka,Al-Amin Hossain,511532,Bangladesh,1,130.01,four,4,FALSE,NA,50710,131,0,0,0,0,238,379,24.1,1,76,467,7,781,0,0,2,2,0,2014-02-04,2014,"Zahur Ahmed Chowdhury Stadium, Chittagong",Bangladesh,-,Sri Lanka,NA,LHB,RMF,pace bowler,4,1,4,TRUE,-156,50,7,NA,NA,LEG_GLANCE,1,-1,-1
812798,690349,1,Kumar Sangakkara,50710,Sri Lanka,Al-Amin Hossain,511532,Bangladesh,2,130.02,run,1,FALSE,NA,50710,131,0,0,0,0,239,380,24.2,1,77,468,7,782,0,0,2,2,0,2014-02-04,2014,"Zahur Ahmed Chowdhury Stadium, Chittagong",Bangladesh,-,Sri Lanka,NA,LHB,RMF,pace bowler,1,1,1,TRUE,-120,-78,6,NA,NA,LEG_GLANCE,1,-1,-1
812943,690349,1,Kumar Sangakkara,50710,Sri Lanka,Sohag Gazi,444135,Bangladesh,2,17.02,run,2,FALSE,NA,50710,18,0,0,0,0,2,5,8.2,1,27,43,1,104,0,0,1,1,0,2014-02-04,2014,"Zahur Ahmed Chowdhury Stadium, Chittagong",Bangladesh,-,Sri Lanka,NA,LHB,OB,spin bowler,2,1,2,TRUE,-107,37,7,NA,NA,LEG_GLANCE,1,-1,-1
812946,690349,1,Kumar Sangakkara,50710,Sri Lanka,Sohag Gazi,444135,Bangladesh,5,17.05,run,1,FALSE,NA,50710,18,0,0,0,0,3,8,8.5,1,28,44,1,107,0,0,1,1,0,2014-02-04,2014,"Zahur Ahmed Chowdhury Stadium, Chittagong",Bangladesh,-,Sri Lanka,NA,LHB,OB,spin bowler,1,1,1,TRUE,86,-40,3,NA,NA,OFF_SIDE_DRIVE_ON_FRONT_FOOT,1,-1,-1
812949,690349,1,Kumar Sangakkara,50710,Sri Lanka,Sohag Gazi,444135,Bangladesh,4,19.04,run,1,FALSE,NA,50710,20,0,0,0,0,6,17,9.4,1,30,48,1,118,0,0,1,1,0,2014-02-04,2014,"Zahur Ahmed Chowdhury Stadium, Chittagong",Bangladesh,-,Sri Lanka,NA,LHB,OB,spin bowler,1,1,1,TRUE,-131,52,7,NA,NA,LEG_GLANCE,1,-1,-1
812961,690349,1,Kumar Sangakkara,50710,Sri Lanka,Sohag Gazi,444135,Bangladesh,3,45.03,run,1,FALSE,NA,50710,46,0,0,0,0,53,103,14.3,1,42,132,2,273,0,0,1,2,0,2014-02-04,2014,"Zahur Ahmed Chowdhury Stadium, Chittagong",Bangladesh,-,Sri Lanka,NA,LHB,OB,spin bowler,1,1,1,TRUE,-83,21,7,NA,NA,LEG_GLANCE,1,-1,-1
812962,690349,1,Kumar Sangakkara,50710,Sri Lanka,Sohag Gazi,444135,Bangladesh,4,37.04,run,1,FALSE,NA,50710,38,0,0,0,0,30,68,10.4,1,33,102,2,226,0,0,1,2,0,2014-02-04,2014,"Zahur Ahmed Chowdhury Stadium, Chittagong",Bangladesh,-,Sri Lanka,NA,LHB,OB,spin bowler,1,1,1,TRUE,-55,-106,5,NA,NA,ON_SIDE_DRIVE_ON_FRONT_FOOT,1,-1,-1
812964,690349,1,Kumar Sangakkara,50710,Sri Lanka,Sohag Gazi,444135,Bangladesh,1,39.01,run,1,FALSE,NA,50710,40,0,0,0,0,32,75,11.1,1,35,106,2,235,0,0,1,2,0,2014-02-04,2014,"Zahur Ahmed Chowdhury Stadium, Chittagong",Bangladesh,-,Sri Lanka,NA,LHB,OB,spin bowler,1,1,1,TRUE,125,-47,3,NA,NA,CUT_SHOT_ON_BACK_FOOT,1,-1,-1
812966,690349,1,Kumar Sangakkara,50710,Sri Lanka,Sohag Gazi,444135,Bangladesh,5,39.05,four,4,FALSE,NA,50710,40,0,0,0,0,36,77,11.5,1,40,111,2,239,0,0,1,2,0,2014-02-04,2014,"Zahur Ahmed Chowdhury Stadium, Chittagong",Bangladesh,-,Sri Lanka,NA,LHB,OB,spin bowler,4,1,4,TRUE,-60,159,8,NA,NA,LEG_GLANCE,1,-1,-1
812971,690349,1,Kumar Sangakkara,50710,Sri Lanka,Sohag Gazi,444135,Bangladesh,1,51.01,four,4,FALSE,NA,50710,52,0,0,0,0,64,118,17.1,1,50,149,2,307,0,0,1,2,0,2014-02-04,2014,"Zahur Ahmed Chowdhury Stadium, Chittagong",Bangladesh,-,Sri Lanka,NA,LHB,OB,spin bowler,4,1,4,TRUE,-139,-90,6,NA,NA,PULL_HOOK_ON_BACK_FOOT,1,-1,-1
812972,690349,1,Kumar Sangakkara,50710,Sri Lanka,Sohag Gazi,444135,Bangladesh,2,51.02,four,4,FALSE,NA,50710,52,0,0,0,0,68,119,17.2,1,54,153,2,308,0,0,1,2,0,2014-02-04,2014,"Zahur Ahmed Chowdhury Stadium, Chittagong",Bangladesh,-,Sri Lanka,NA,LHB,OB,spin bowler,4,1,4,TRUE,-48,-162,5,NA,NA,ON_SIDE_DRIVE_ON_FRONT_FOOT,1,-1,-1
812973,690349,1,Kumar Sangakkara,50710,Sri Lanka,Sohag Gazi,444135,Bangladesh,3,51.03,run,1,FALSE,NA,50710,52,0,0,0,0,69,120,17.3,1,55,154,2,309,0,0,1,2,0,2014-02-04,2014,"Zahur Ahmed Chowdhury Stadium, Chittagong",Bangladesh,-,Sri Lanka,NA,LHB,OB,spin bowler,1,1,1,TRUE,-41,-62,5,NA,NA,FORWARD_DEFENCE,1,-1,-1
812975,690349,1,Kumar Sangakkara,50710,Sri Lanka,Sohag Gazi,444135,Bangladesh,6,51.06,four,4,FALSE,NA,50710,52,0,0,0,0,73,122,18,1,60,159,2,312,0,0,1,2,0,2014-02-04,2014,"Zahur Ahmed Chowdhury Stadium, Chittagong",Bangladesh,-,Sri Lanka,NA,LHB,OB,spin bowler,4,1,4,TRUE,156,56,2,NA,NA,CUT_SHOT_ON_BACK_FOOT,1,-1,-1
812978,690349,1,Kumar Sangakkara,50710,Sri Lanka,Sohag Gazi,444135,Bangladesh,6,47.06,run,1,FALSE,NA,50710,48,0,0,0,0,58,110,16,1,45,140,2,288,0,0,1,2,0,2014-02-04,2014,"Zahur Ahmed Chowdhury Stadium, Chittagong",Bangladesh,-,Sri Lanka,NA,LHB,OB,spin bowler,1,1,1,TRUE,-97,51,7,NA,NA,LEG_GLANCE,1,-1,-1
812986,690349,1,Kumar Sangakkara,50710,Sri Lanka,Sohag Gazi,444135,Bangladesh,6,63.06,run,1,FALSE,NA,50710,64,0,0,0,0,102,152,20,1,67,210,2,384,0,0,1,3,0,2014-02-04,2014,"Zahur Ahmed Chowdhury Stadium, Chittagong",Bangladesh,-,Sri Lanka,NA,LHB,OB,spin bowler,1,1,1,TRUE,75,20,2,NA,NA,CUT_SHOT_ON_BACK_FOOT,1,-1,-1
812990,690349,1,Kumar Sangakkara,50710,Sri Lanka,Sohag Gazi,444135,Bangladesh,4,75.04,run,1,FALSE,NA,50710,76,0,0,0,0,124,195,25.4,1,85,250,3,454,0,0,1,3,0,2014-02-04,2014,"Zahur Ahmed Chowdhury Stadium, Chittagong",Bangladesh,-,Sri Lanka,NA,LHB,OB,spin bowler,1,1,1,TRUE,61,-131,4,NA,NA,OFF_SIDE_DRIVE_ON_FRONT_FOOT,1,-1,-1
812995,690349,1,Kumar Sangakkara,50710,Sri Lanka,Sohag Gazi,444135,Bangladesh,5,77.05,run,1,FALSE,NA,50710,78,0,0,0,0,127,203,26.5,1,87,256,3,467,0,0,1,3,0,2014-02-04,2014,"Zahur Ahmed Chowdhury Stadium, Chittagong",Bangladesh,-,Sri Lanka,NA,LHB,OB,spin bowler,1,1,1,TRUE,-125,-51,6,NA,NA,LEG_GLANCE,1,-1,-1
812997,690349,1,Kumar Sangakkara,50710,Sri Lanka,Sohag Gazi,444135,Bangladesh,3,97.03,four,4,FALSE,NA,50710,98,0,0,0,0,174,265,32.3,1,113,341,5,585,0,0,2,1,0,2014-02-04,2014,"Zahur Ahmed Chowdhury Stadium, Chittagong",Bangladesh,-,Sri Lanka,NA,LHB,OB,spin bowler,4,1,4,TRUE,-148,-69,6,NA,NA,LEG_GLANCE,1,-1,-1
813000,690349,1,Kumar Sangakkara,50710,Sri Lanka,Sohag Gazi,444135,Bangladesh,6,97.06,run,2,FALSE,NA,50710,98,0,0,0,0,176,268,33,1,115,343,5,588,0,0,2,1,0,2014-02-04,2014,"Zahur Ahmed Chowdhury Stadium, Chittagong",Bangladesh,-,Sri Lanka,NA,LHB,OB,spin bowler,2,1,2,TRUE,-78,17,7,NA,NA,LEG_GLANCE,1,-1,-1
813001,690349,1,Kumar Sangakkara,50710,Sri Lanka,Sohag Gazi,444135,Bangladesh,1,99.01,run,1,FALSE,NA,50710,100,0,0,0,0,177,269,33.1,1,116,348,5,595,0,0,2,1,0,2014-02-04,2014,"Zahur Ahmed Chowdhury Stadium, Chittagong",Bangladesh,-,Sri Lanka,NA,LHB,OB,spin bowler,1,1,1,TRUE,134,-59,3,NA,NA,OFF_SIDE_DRIVE_ON_BACK_FOOT,1,-1,-1
813003,690349,1,Kumar Sangakkara,50710,Sri Lanka,Sohag Gazi,444135,Bangladesh,5,99.05,run,1,FALSE,NA,50710,100,0,0,0,0,178,271,33.5,1,121,354,5,599,0,0,2,1,0,2014-02-04,2014,"Zahur Ahmed Chowdhury Stadium, Chittagong",Bangladesh,-,Sri Lanka,NA,LHB,OB,spin bowler,1,1,1,TRUE,61,-121,4,NA,NA,OFF_SIDE_DRIVE_ON_FRONT_FOOT,1,-1,-1
813008,690349,1,Kumar Sangakkara,50710,Sri Lanka,Sohag Gazi,444135,Bangladesh,5,79.05,four,4,FALSE,NA,50710,80,0,0,0,0,132,211,27.5,1,92,265,3,479,0,0,1,3,0,2014-02-04,2014,"Zahur Ahmed Chowdhury Stadium, Chittagong",Bangladesh,-,Sri Lanka,NA,LHB,OB,spin bowler,4,1,4,TRUE,163,47,2,NA,NA,CUT_SHOT_ON_BACK_FOOT,1,-1,-1
813010,690349,1,Kumar Sangakkara,50710,Sri Lanka,Sohag Gazi,444135,Bangladesh,3,81.03,run,1,FALSE,NA,50710,82,0,0,0,0,133,215,28.3,1,96,270,3,489,0,0,1,3,0,2014-02-04,2014,"Zahur Ahmed Chowdhury Stadium, Chittagong",Bangladesh,-,Sri Lanka,NA,LHB,OB,spin bowler,1,1,1,TRUE,-133,-91,6,NA,NA,LEG_GLANCE,1,-1,-1
813011,690349,1,Kumar Sangakkara,50710,Sri Lanka,Sohag Gazi,444135,Bangladesh,1,67.01,four,4,FALSE,NA,50710,68,0,0,0,0,107,162,21.1,1,74,219,2,403,0,0,1,3,0,2014-02-04,2014,"Zahur Ahmed Chowdhury Stadium, Chittagong",Bangladesh,-,Sri Lanka,NA,LHB,OB,spin bowler,4,1,4,TRUE,-122,-105,6,NA,NA,PULL_HOOK_ON_BACK_FOOT,1,-1,-1
813015,690349,1,Kumar Sangakkara,50710,Sri Lanka,Sohag Gazi,444135,Bangladesh,5,67.05,run,1,FALSE,NA,50710,68,0,0,0,0,108,166,21.5,1,75,220,2,407,0,0,1,3,0,2014-02-04,2014,"Zahur Ahmed Chowdhury Stadium, Chittagong",Bangladesh,-,Sri Lanka,NA,LHB,OB,spin bowler,1,1,1,TRUE,-70,-76,5,NA,NA,ON_SIDE_DRIVE_ON_FRONT_FOOT,1,-1,-1
813019,690349,1,Kumar Sangakkara,50710,Sri Lanka,Sohag Gazi,444135,Bangladesh,3,93.03,four,4,FALSE,NA,50710,94,0,0,0,0,164,252,30.3,1,103,319,5,561,0,0,2,1,0,2014-02-04,2014,"Zahur Ahmed Chowdhury Stadium, Chittagong",Bangladesh,-,Sri Lanka,NA,LHB,OB,spin bowler,4,1,4,TRUE,141,-86,3,NA,NA,OFF_SIDE_DRIVE_ON_FRONT_FOOT,1,-1,-1
813023,690349,1,Kumar Sangakkara,50710,Sri Lanka,Sohag Gazi,444135,Bangladesh,3,95.03,run,1,FALSE,NA,50710,96,0,0,0,0,165,258,31.3,1,105,326,5,573,0,0,2,1,0,2014-02-04,2014,"Zahur Ahmed Chowdhury Stadium, Chittagong",Bangladesh,-,Sri Lanka,NA,LHB,OB,spin bowler,1,1,1,TRUE,92,-88,4,NA,NA,OFF_SIDE_DRIVE_ON_FRONT_FOOT,1,-1,-1
813026,690349,1,Kumar Sangakkara,50710,Sri Lanka,Sohag Gazi,444135,Bangladesh,3,71.03,six,6,FALSE,NA,50710,72,0,0,0,0,115,175,23.3,1,82,233,3,429,0,0,1,3,0,2014-02-04,2014,"Zahur Ahmed Chowdhury Stadium, Chittagong",Bangladesh,-,Sri Lanka,NA,LHB,OB,spin bowler,6,1,6,TRUE,-160,-101,6,NA,NA,PULL_HOOK_ON_BACK_FOOT,1,-1,-1
813028,690349,1,Kumar Sangakkara,50710,Sri Lanka,Sohag Gazi,444135,Bangladesh,5,71.05,run,1,FALSE,NA,50710,72,0,0,0,0,116,177,23.5,1,83,234,3,431,0,0,1,3,0,2014-02-04,2014,"Zahur Ahmed Chowdhury Stadium, Chittagong",Bangladesh,-,Sri Lanka,NA,LHB,OB,spin bowler,1,1,1,TRUE,-33,-120,5,NA,NA,ON_SIDE_DRIVE_ON_FRONT_FOOT,1,-1,-1
813034,690349,1,Kumar Sangakkara,50710,Sri Lanka,Sohag Gazi,444135,Bangladesh,6,73.06,run,1,FALSE,NA,50710,74,0,0,0,0,122,188,25,1,84,240,3,444,0,0,1,3,0,2014-02-04,2014,"Zahur Ahmed Chowdhury Stadium, Chittagong",Bangladesh,-,Sri Lanka,NA,LHB,OB,spin bowler,1,1,1,TRUE,-121,63,7,NA,NA,LEG_GLANCE,1,-1,-1
813039,690349,1,Kumar Sangakkara,50710,Sri Lanka,Sohag Gazi,444135,Bangladesh,5,90.05,run,1,FALSE,NA,50710,91,0,0,0,0,159,242,29.5,1,98,313,5,545,0,0,1,3,0,2014-02-04,2014,"Zahur Ahmed Chowdhury Stadium, Chittagong",Bangladesh,-,Sri Lanka,NA,LHB,OB,spin bowler,1,1,1,TRUE,-41,-151,5,NA,NA,ON_SIDE_DRIVE_ON_FRONT_FOOT,1,-1,-1
813040,690349,1,Kumar Sangakkara,50710,Sri Lanka,Sohag Gazi,444135,Bangladesh,1,101.01,run,1,FALSE,NA,50710,102,0,0,0,0,180,277,34.1,1,126,360,5,607,0,0,2,1,0,2014-02-04,2014,"Zahur Ahmed Chowdhury Stadium, Chittagong",Bangladesh,-,Sri Lanka,NA,LHB,OB,spin bowler,1,1,1,TRUE,-61,-40,6,NA,NA,LEG_GLANCE,1,-1,-1
813047,690349,1,Kumar Sangakkara,50710,Sri Lanka,Sohag Gazi,444135,Bangladesh,6,103.06,run,1,FALSE,NA,50710,104,0,0,0,0,181,284,36,1,128,370,5,624,0,0,2,1,0,2014-02-04,2014,"Zahur Ahmed Chowdhury Stadium, Chittagong",Bangladesh,-,Sri Lanka,NA,LHB,OB,spin bowler,1,1,1,TRUE,118,-65,3,NA,NA,OFF_SIDE_DRIVE_ON_FRONT_FOOT,1,-1,-1
813049,690349,1,Kumar Sangakkara,50710,Sri Lanka,Sohag Gazi,444135,Bangladesh,2,105.02,run,1,FALSE,NA,50710,106,0,0,0,0,187,290,36.2,1,129,376,5,632,0,0,2,1,0,2014-02-04,2014,"Zahur Ahmed Chowdhury Stadium, Chittagong",Bangladesh,-,Sri Lanka,NA,LHB,OB,spin bowler,1,1,1,TRUE,-115,-52,6,NA,NA,LEG_GLANCE,1,-1,-1
813050,690349,1,Kumar Sangakkara,50710,Sri Lanka,Sohag Gazi,444135,Bangladesh,5,105.05,run,1,FALSE,NA,50710,106,0,0,0,0,188,291,36.5,1,135,382,5,635,0,0,2,1,0,2014-02-04,2014,"Zahur Ahmed Chowdhury Stadium, Chittagong",Bangladesh,-,Sri Lanka,NA,LHB,OB,spin bowler,1,1,1,TRUE,-125,-30,6,NA,NA,LEG_GLANCE,1,-1,-1
813051,690349,1,Kumar Sangakkara,50710,Sri Lanka,Sohag Gazi,444135,Bangladesh,1,132.01,run,1,FALSE,NA,50710,133,0,0,0,0,241,387,37.1,1,136,474,7,793,0,0,2,2,0,2014-02-04,2014,"Zahur Ahmed Chowdhury Stadium, Chittagong",Bangladesh,-,Sri Lanka,NA,LHB,OB,spin bowler,1,1,1,TRUE,133,-10,3,NA,NA,OFF_SIDE_DRIVE_ON_FRONT_FOOT,1,-1,-1
813053,690349,1,Kumar Sangakkara,50710,Sri Lanka,Sohag Gazi,444135,Bangladesh,5,132.05,run,1,FALSE,NA,50710,133,0,0,0,0,242,389,37.5,1,138,476,7,797,0,0,2,2,0,2014-02-04,2014,"Zahur Ahmed Chowdhury Stadium, Chittagong",Bangladesh,-,Sri Lanka,NA,LHB,OB,spin bowler,1,1,1,TRUE,118,-98,3,NA,NA,OFF_SIDE_DRIVE_ON_FRONT_FOOT,1,-1,-1
813056,690349,1,Kumar Sangakkara,50710,Sri Lanka,Sohag Gazi,444135,Bangladesh,3,150.03,four,4,FALSE,NA,50710,151,0,0,0,0,311,457,46.3,1,179,573,9,903,0,0,2,2,0,2014-02-04,2014,"Zahur Ahmed Chowdhury Stadium, Chittagong",Bangladesh,-,Sri Lanka,NA,LHB,OB,spin bowler,4,1,4,TRUE,-16,-171,5,NA,NA,ON_SIDE_DRIVE_ON_FRONT_FOOT,1,-1,-1
813057,690349,1,Kumar Sangakkara,50710,Sri Lanka,Sohag Gazi,444135,Bangladesh,4,150.04,run,1,FALSE,NA,50710,151,0,0,0,0,312,458,46.4,1,180,574,9,904,0,0,2,2,0,2014-02-04,2014,"Zahur Ahmed Chowdhury Stadium, Chittagong",Bangladesh,-,Sri Lanka,NA,LHB,OB,spin bowler,1,1,1,TRUE,137,-5,3,NA,NA,CUT_SHOT_ON_BACK_FOOT,1,-1,-1
813061,690349,1,Kumar Sangakkara,50710,Sri Lanka,Sohag Gazi,444135,Bangladesh,4,152.04,run,1,FALSE,NA,50710,153,0,0,0,0,314,466,47.4,1,181,576,9,916,0,0,2,2,0,2014-02-04,2014,"Zahur Ahmed Chowdhury Stadium, Chittagong",Bangladesh,-,Sri Lanka,NA,LHB,OB,spin bowler,1,1,1,TRUE,56,-127,4,NA,NA,OFF_SIDE_DRIVE_ON_FRONT_FOOT,1,-1,-1
813065,690349,1,Kumar Sangakkara,50710,Sri Lanka,Sohag Gazi,444135,Bangladesh,4,142.04,run,2,FALSE,NA,50710,143,0,0,0,0,269,426,42.4,1,161,525,8,856,0,0,2,2,0,2014-02-04,2014,"Zahur Ahmed Chowdhury Stadium, Chittagong",Bangladesh,-,Sri Lanka,NA,LHB,OB,spin bowler,2,1,2,TRUE,-97,-5,6,NA,NA,LEG_GLANCE,1,-1,-1
813066,690349,1,Kumar Sangakkara,50710,Sri Lanka,Sohag Gazi,444135,Bangladesh,5,142.05,four,4,FALSE,NA,50710,143,0,0,0,0,273,427,42.5,1,165,529,8,857,0,0,2,2,0,2014-02-04,2014,"Zahur Ahmed Chowdhury Stadium, Chittagong",Bangladesh,-,Sri Lanka,NA,LHB,OB,spin bowler,4,1,4,TRUE,172,20,2,NA,NA,OFF_SIDE_DRIVE_ON_FRONT_FOOT,1,-1,-1
813067,690349,1,Kumar Sangakkara,50710,Sri Lanka,Sohag Gazi,444135,Bangladesh,6,142.06,four,4,FALSE,NA,50710,143,0,0,0,0,277,428,43,1,169,533,8,858,0,0,2,2,0,2014-02-04,2014,"Zahur Ahmed Chowdhury Stadium, Chittagong",Bangladesh,-,Sri Lanka,NA,LHB,OB,spin bowler,4,1,4,TRUE,172,-42,3,NA,NA,OFF_SIDE_DRIVE_ON_FRONT_FOOT,1,-1,-1
813071,690349,1,Kumar Sangakkara,50710,Sri Lanka,Sohag Gazi,444135,Bangladesh,4,144.04,run,1,FALSE,NA,50710,145,0,0,0,0,278,432,43.4,1,170,534,9,868,0,0,2,2,0,2014-02-04,2014,"Zahur Ahmed Chowdhury Stadium, Chittagong",Bangladesh,-,Sri Lanka,NA,LHB,OB,spin bowler,1,1,1,TRUE,148,14,3,NA,NA,OFF_SIDE_DRIVE_ON_FRONT_FOOT,1,-1,-1
813072,690349,1,Kumar Sangakkara,50710,Sri Lanka,Sohag Gazi,444135,Bangladesh,2,138.02,run,1,FALSE,NA,50710,139,0,0,0,0,253,410,40.2,1,153,496,7,830,0,0,2,2,0,2014-02-04,2014,"Zahur Ahmed Chowdhury Stadium, Chittagong",Bangladesh,-,Sri Lanka,NA,LHB,OB,spin bowler,1,1,1,TRUE,108,-121,4,NA,NA,OFF_SIDE_DRIVE_ON_FRONT_FOOT,1,-1,-1
813078,690349,1,Kumar Sangakkara,50710,Sri Lanka,Sohag Gazi,444135,Bangladesh,5,140.05,run,1,FALSE,NA,50710,141,0,0,0,0,254,416,41.5,1,159,510,8,845,0,0,2,2,0,2014-02-04,2014,"Zahur Ahmed Chowdhury Stadium, Chittagong",Bangladesh,-,Sri Lanka,NA,LHB,OB,spin bowler,1,1,1,TRUE,133,-59,3,NA,NA,OFF_SIDE_DRIVE_ON_FRONT_FOOT,1,-1,-1
813082,690349,1,Kumar Sangakkara,50710,Sri Lanka,Sohag Gazi,444135,Bangladesh,4,146.04,run,1,FALSE,NA,50710,147,0,0,0,0,286,442,44.4,1,171,548,9,880,0,0,2,2,0,2014-02-04,2014,"Zahur Ahmed Chowdhury Stadium, Chittagong",Bangladesh,-,Sri Lanka,NA,LHB,OB,spin bowler,1,1,1,TRUE,130,-43,3,NA,NA,OFF_SIDE_DRIVE_ON_FRONT_FOOT,1,-1,-1
813087,690349,1,Kumar Sangakkara,50710,Sri Lanka,Sohag Gazi,444135,Bangladesh,5,148.05,four,4,FALSE,NA,50710,149,0,0,0,0,307,453,45.5,1,175,569,9,893,0,0,2,2,0,2014-02-04,2014,"Zahur Ahmed Chowdhury Stadium, Chittagong",Bangladesh,-,Sri Lanka,NA,LHB,OB,spin bowler,4,1,4,TRUE,-138,-97,6,NA,NA,LEG_GLANCE,1,-1,-1
813090,690349,1,Kumar Sangakkara,50710,Sri Lanka,Sohag Gazi,444135,Bangladesh,2,134.02,run,1,FALSE,NA,50710,135,0,0,0,0,244,397,38.2,1,139,478,7,806,0,0,2,2,0,2014-02-04,2014,"Zahur Ahmed Chowdhury Stadium, Chittagong",Bangladesh,-,Sri Lanka,NA,LHB,OB,spin bowler,1,1,1,TRUE,124,-80,3,NA,NA,OFF_SIDE_DRIVE_ON_FRONT_FOOT,1,-1,-1
813091,690349,1,Kumar Sangakkara,50710,Sri Lanka,Sohag Gazi,444135,Bangladesh,1,136.01,run,1,FALSE,NA,50710,137,0,0,0,0,246,403,39.1,1,142,482,7,817,0,0,2,2,0,2014-02-04,2014,"Zahur Ahmed Chowdhury Stadium, Chittagong",Bangladesh,-,Sri Lanka,NA,LHB,OB,spin bowler,1,1,1,TRUE,38,-116,4,NA,NA,OFF_SIDE_DRIVE_ON_FRONT_FOOT,1,-1,-1
813092,690349,1,Kumar Sangakkara,50710,Sri Lanka,Sohag Gazi,444135,Bangladesh,6,136.06,four,4,FALSE,NA,50710,137,0,0,0,0,250,404,40,1,149,489,7,822,0,0,2,2,0,2014-02-04,2014,"Zahur Ahmed Chowdhury Stadium, Chittagong",Bangladesh,-,Sri Lanka,NA,LHB,OB,spin bowler,4,1,4,TRUE,-53,-166,5,NA,NA,ON_SIDE_DRIVE_ON_FRONT_FOOT,1,-1,-1
813328,690349,1,Kumar Sangakkara,50710,Sri Lanka,Shakib Al Hasan,56143,Bangladesh,6,27.06,four,4,FALSE,NA,50710,28,0,0,0,0,14,39,4,0,13,69,2,168,0,0,1,1,0,2014-02-04,2014,"Zahur Ahmed Chowdhury Stadium, Chittagong",Bangladesh,-,Sri Lanka,NA,LHB,SLA,spin bowler,4,1,4,TRUE,66,-157,4,NA,NA,OFF_SIDE_DRIVE_ON_FRONT_FOOT,1,-1,-1
813331,690349,1,Kumar Sangakkara,50710,Sri Lanka,Shakib Al Hasan,56143,Bangladesh,4,23.04,run,1,FALSE,NA,50710,24,0,0,0,0,8,25,1.4,0,5,58,2,142,0,0,1,1,0,2014-02-04,2014,"Zahur Ahmed Chowdhury Stadium, Chittagong",Bangladesh,-,Sri Lanka,NA,LHB,SLA,spin bowler,1,1,1,TRUE,-39,-126,5,NA,NA,ON_SIDE_DRIVE_ON_FRONT_FOOT,1,-1,-1
813332,690349,1,Kumar Sangakkara,50710,Sri Lanka,Shakib Al Hasan,56143,Bangladesh,6,23.06,run,2,FALSE,NA,50710,24,0,0,0,0,10,26,2,0,8,61,2,144,0,0,1,1,0,2014-02-04,2014,"Zahur Ahmed Chowdhury Stadium, Chittagong",Bangladesh,-,Sri Lanka,NA,LHB,SLA,spin bowler,2,1,2,TRUE,136,-51,3,NA,NA,OFF_SIDE_DRIVE_ON_FRONT_FOOT,1,-1,-1
813334,690349,1,Kumar Sangakkara,50710,Sri Lanka,Shakib Al Hasan,56143,Bangladesh,2,29.02,run,1,FALSE,NA,50710,30,0,0,0,0,16,46,4.2,0,14,72,2,176,0,0,1,2,0,2014-02-04,2014,"Zahur Ahmed Chowdhury Stadium, Chittagong",Bangladesh,-,Sri Lanka,NA,LHB,SLA,spin bowler,1,1,1,TRUE,1,-119,4,NA,NA,ON_SIDE_DRIVE_ON_FRONT_FOOT,1,-1,-1
813336,690349,1,Kumar Sangakkara,50710,Sri Lanka,Shakib Al Hasan,56143,Bangladesh,5,31.05,run,2,FALSE,NA,50710,32,0,0,0,0,22,54,5.5,0,21,83,2,191,0,0,1,2,0,2014-02-04,2014,"Zahur Ahmed Chowdhury Stadium, Chittagong",Bangladesh,-,Sri Lanka,NA,LHB,SLA,spin bowler,2,1,2,TRUE,-63,124,8,NA,NA,LEG_GLANCE,1,-1,-1
813337,690349,1,Kumar Sangakkara,50710,Sri Lanka,Shakib Al Hasan,56143,Bangladesh,6,31.06,run,1,FALSE,NA,50710,32,0,0,0,0,23,55,6,0,22,84,2,192,0,0,1,2,0,2014-02-04,2014,"Zahur Ahmed Chowdhury Stadium, Chittagong",Bangladesh,-,Sri Lanka,NA,LHB,SLA,spin bowler,1,1,1,TRUE,98,90,2,NA,NA,FORWARD_DEFENCE,0,-1,-1
813339,690349,1,Kumar Sangakkara,50710,Sri Lanka,Shakib Al Hasan,56143,Bangladesh,2,35.02,run,1,FALSE,NA,50710,36,0,0,0,0,25,64,7.2,0,27,92,2,212,0,0,1,2,0,2014-02-04,2014,"Zahur Ahmed Chowdhury Stadium, Chittagong",Bangladesh,-,Sri Lanka,NA,LHB,SLA,spin bowler,1,1,1,TRUE,-47,-118,5,NA,NA,ON_SIDE_DRIVE_ON_FRONT_FOOT,1,-1,-1
813341,690349,1,Kumar Sangakkara,50710,Sri Lanka,Shakib Al Hasan,56143,Bangladesh,5,35.05,four,4,FALSE,NA,50710,36,0,0,0,0,29,66,7.5,0,32,97,2,215,0,0,1,2,0,2014-02-04,2014,"Zahur Ahmed Chowdhury Stadium, Chittagong",Bangladesh,-,Sri Lanka,NA,LHB,SLA,spin bowler,4,1,4,TRUE,165,-51,3,NA,NA,CUT_SHOT_ON_BACK_FOOT,1,-1,-1
813346,690349,1,Kumar Sangakkara,50710,Sri Lanka,Shakib Al Hasan,56143,Bangladesh,4,53.04,run,3,FALSE,NA,50710,54,0,0,0,0,78,128,8.4,0,35,166,2,322,0,0,1,2,0,2014-02-04,2014,"Zahur Ahmed Chowdhury Stadium, Chittagong",Bangladesh,-,Sri Lanka,NA,LHB,SLA,spin bowler,3,1,3,TRUE,140,-88,3,NA,NA,OFF_SIDE_DRIVE_ON_FRONT_FOOT,1,-1,-1
813348,690349,1,Kumar Sangakkara,50710,Sri Lanka,Shakib Al Hasan,56143,Bangladesh,1,55.01,four,4,FALSE,NA,50710,56,0,0,0,0,82,130,9.1,0,40,171,2,331,0,0,1,2,0,2014-02-04,2014,"Zahur Ahmed Chowdhury Stadium, Chittagong",Bangladesh,-,Sri Lanka,NA,LHB,SLA,spin bowler,4,1,4,TRUE,165,45,2,NA,NA,CUT_SHOT_ON_BACK_FOOT,1,-1,-1
813350,690349,1,Kumar Sangakkara,50710,Sri Lanka,Shakib Al Hasan,56143,Bangladesh,3,55.03,run,1,FALSE,NA,50710,56,0,0,0,0,83,132,9.3,0,41,172,2,333,0,0,1,2,0,2014-02-04,2014,"Zahur Ahmed Chowdhury Stadium, Chittagong",Bangladesh,-,Sri Lanka,NA,LHB,SLA,spin bowler,1,1,1,TRUE,-123,-46,6,NA,NA,LEG_GLANCE,1,-1,-1
813351,690349,1,Kumar Sangakkara,50710,Sri Lanka,Shakib Al Hasan,56143,Bangladesh,3,57.03,four,4,FALSE,NA,50710,58,0,0,0,0,87,135,10.3,0,47,183,2,345,0,0,1,2,0,2014-02-04,2014,"Zahur Ahmed Chowdhury Stadium, Chittagong",Bangladesh,-,Sri Lanka,NA,LHB,SLA,spin bowler,4,1,4,TRUE,165,-60,3,NA,NA,CUT_SHOT_ON_BACK_FOOT,1,-1,-1
813352,690349,1,Kumar Sangakkara,50710,Sri Lanka,Shakib Al Hasan,56143,Bangladesh,4,57.04,four,4,FALSE,NA,50710,58,0,0,0,0,91,136,10.4,0,51,187,2,346,0,0,1,2,0,2014-02-04,2014,"Zahur Ahmed Chowdhury Stadium, Chittagong",Bangladesh,-,Sri Lanka,NA,LHB,SLA,spin bowler,4,1,4,TRUE,-75,153,8,NA,NA,SWEEP,1,-1,-1
813353,690349,1,Kumar Sangakkara,50710,Sri Lanka,Shakib Al Hasan,56143,Bangladesh,5,57.05,run,1,FALSE,NA,50710,58,0,0,0,0,92,137,10.5,0,52,188,2,347,0,0,1,2,0,2014-02-04,2014,"Zahur Ahmed Chowdhury Stadium, Chittagong",Bangladesh,-,Sri Lanka,NA,LHB,SLA,spin bowler,1,1,1,TRUE,-79,18,7,NA,NA,LEG_GLANCE,1,-1,-1
813354,690349,1,Kumar Sangakkara,50710,Sri Lanka,Shakib Al Hasan,56143,Bangladesh,1,83.01,four,4,FALSE,NA,50710,84,0,0,0,0,138,217,11.1,0,57,277,3,499,0,0,1,3,0,2014-02-04,2014,"Zahur Ahmed Chowdhury Stadium, Chittagong",Bangladesh,-,Sri Lanka,NA,LHB,SLA,spin bowler,4,1,4,TRUE,-108,136,8,NA,NA,SWEEP,1,-1,-1
813355,690349,1,Kumar Sangakkara,50710,Sri Lanka,Shakib Al Hasan,56143,Bangladesh,2,83.02,run,1,FALSE,NA,50710,84,0,0,0,0,139,218,11.2,0,58,278,3,500,0,0,1,3,0,2014-02-04,2014,"Zahur Ahmed Chowdhury Stadium, Chittagong",Bangladesh,-,Sri Lanka,NA,LHB,SLA,spin bowler,1,1,1,TRUE,-17,-138,5,NA,NA,ON_SIDE_DRIVE_ON_FRONT_FOOT,1,-1,-1
813357,690349,1,Kumar Sangakkara,50710,Sri Lanka,Shakib Al Hasan,56143,Bangladesh,2,85.02,run,1,FALSE,NA,50710,86,0,0,0,0,145,223,12.2,0,63,294,3,512,0,0,1,3,0,2014-02-04,2014,"Zahur Ahmed Chowdhury Stadium, Chittagong",Bangladesh,-,Sri Lanka,NA,LHB,SLA,spin bowler,1,1,1,TRUE,-51,-136,5,NA,NA,ON_SIDE_DRIVE_ON_FRONT_FOOT,1,-1,-1
813358,690349,1,Kumar Sangakkara,50710,Sri Lanka,Shakib Al Hasan,56143,Bangladesh,1,89.01,run,1,FALSE,NA,50710,90,0,0,0,0,157,236,14.1,1,68,310,4,535,0,0,1,3,0,2014-02-04,2014,"Zahur Ahmed Chowdhury Stadium, Chittagong",Bangladesh,-,Sri Lanka,NA,LHB,SLA,spin bowler,1,1,1,TRUE,-116,18,7,NA,NA,LEG_GLANCE,1,-1,-1
813359,690349,1,Kumar Sangakkara,50710,Sri Lanka,Shakib Al Hasan,56143,Bangladesh,5,89.05,run,1,FALSE,NA,50710,90,0,0,0,0,158,237,14.5,1,70,312,4,539,0,0,1,3,0,2014-02-04,2014,"Zahur Ahmed Chowdhury Stadium, Chittagong",Bangladesh,-,Sri Lanka,NA,LHB,SLA,spin bowler,1,1,1,TRUE,-29,-141,5,NA,NA,ON_SIDE_DRIVE_ON_FRONT_FOOT,1,-1,-1
813360,690349,1,Kumar Sangakkara,50710,Sri Lanka,Shakib Al Hasan,56143,Bangladesh,1,110.01,run,1,FALSE,NA,50710,111,0,0,0,0,202,306,15.1,2,71,403,6,661,0,0,2,1,0,2014-02-04,2014,"Zahur Ahmed Chowdhury Stadium, Chittagong",Bangladesh,-,Sri Lanka,NA,LHB,SLA,spin bowler,1,1,1,TRUE,-32,-145,5,NA,NA,ON_SIDE_DRIVE_ON_FRONT_FOOT,1,-1,-1
813361,690349,1,Kumar Sangakkara,50710,Sri Lanka,Shakib Al Hasan,56143,Bangladesh,3,110.03,run,1,FALSE,NA,50710,111,0,0,0,0,203,307,15.3,2,73,405,6,663,0,0,2,1,0,2014-02-04,2014,"Zahur Ahmed Chowdhury Stadium, Chittagong",Bangladesh,-,Sri Lanka,NA,LHB,SLA,spin bowler,1,1,1,TRUE,-47,-133,5,NA,NA,ON_SIDE_DRIVE_ON_FRONT_FOOT,1,-1,-1
813367,690349,1,Kumar Sangakkara,50710,Sri Lanka,Shakib Al Hasan,56143,Bangladesh,6,112.06,run,1,FALSE,NA,50710,113,0,0,0,0,207,319,17,3,74,409,7,678,0,0,2,1,0,2014-02-04,2014,"Zahur Ahmed Chowdhury Stadium, Chittagong",Bangladesh,-,Sri Lanka,NA,LHB,SLA,spin bowler,1,1,1,TRUE,-58,-144,5,NA,NA,ON_SIDE_DRIVE_ON_FRONT_FOOT,1,-1,-1
813372,690349,1,Kumar Sangakkara,50710,Sri Lanka,Shakib Al Hasan,56143,Bangladesh,5,114.05,run,1,FALSE,NA,50710,115,0,0,0,0,209,327,17.5,3,75,411,7,689,0,0,2,1,0,2014-02-04,2014,"Zahur Ahmed Chowdhury Stadium, Chittagong",Bangladesh,-,Sri Lanka,NA,LHB,SLA,spin bowler,1,1,1,TRUE,153,-35,3,NA,NA,CUT_SHOT_ON_BACK_FOOT,1,-1,-1
813375,690349,1,Kumar Sangakkara,50710,Sri Lanka,Shakib Al Hasan,56143,Bangladesh,5,124.05,run,1,FALSE,NA,50710,125,0,0,0,0,225,363,21.5,3,91,442,7,749,0,0,2,2,0,2014-02-04,2014,"Zahur Ahmed Chowdhury Stadium, Chittagong",Bangladesh,-,Sri Lanka,NA,LHB,SLA,spin bowler,1,1,1,TRUE,-38,-138,5,NA,NA,ON_SIDE_DRIVE_ON_FRONT_FOOT,1,-1,-1
813379,690349,1,Kumar Sangakkara,50710,Sri Lanka,Shakib Al Hasan,56143,Bangladesh,4,126.04,run,1,FALSE,NA,50710,127,0,0,0,0,227,368,22.4,3,94,446,7,760,0,0,2,2,0,2014-02-04,2014,"Zahur Ahmed Chowdhury Stadium, Chittagong",Bangladesh,-,Sri Lanka,NA,LHB,SLA,spin bowler,1,1,1,TRUE,59,22,2,NA,NA,BACK_DEFENCE,1,-1,-1
813380,690349,1,Kumar Sangakkara,50710,Sri Lanka,Shakib Al Hasan,56143,Bangladesh,6,126.06,run,1,FALSE,NA,50710,127,0,0,0,0,228,369,23,3,96,448,7,762,0,0,2,2,0,2014-02-04,2014,"Zahur Ahmed Chowdhury Stadium, Chittagong",Bangladesh,-,Sri Lanka,NA,LHB,SLA,spin bowler,1,1,1,TRUE,-128,-20,6,NA,NA,LEG_GLANCE,1,-1,-1
813381,690349,1,Kumar Sangakkara,50710,Sri Lanka,Shakib Al Hasan,56143,Bangladesh,3,116.03,four,4,FALSE,NA,50710,117,0,0,0,0,216,336,18.3,3,79,419,7,699,0,0,2,1,0,2014-02-04,2014,"Zahur Ahmed Chowdhury Stadium, Chittagong",Bangladesh,-,Sri Lanka,NA,LHB,SLA,spin bowler,4,1,4,TRUE,156,-68,3,NA,NA,OFF_SIDE_DRIVE_ON_FRONT_FOOT,1,-1,-1
813383,690349,1,Kumar Sangakkara,50710,Sri Lanka,Shakib Al Hasan,56143,Bangladesh,5,116.05,run,1,FALSE,NA,50710,117,0,0,0,0,217,338,18.5,3,80,420,7,701,0,0,2,1,0,2014-02-04,2014,"Zahur Ahmed Chowdhury Stadium, Chittagong",Bangladesh,-,Sri Lanka,NA,LHB,SLA,spin bowler,1,1,1,TRUE,123,101,2,NA,NA,CUT_SHOT_ON_BACK_FOOT,1,-1,-1
813387,690349,1,Kumar Sangakkara,50710,Sri Lanka,Shakib Al Hasan,56143,Bangladesh,6,118.06,run,1,FALSE,NA,50710,119,0,0,0,0,219,345,20,3,85,430,7,714,0,0,2,1,0,2014-02-04,2014,"Zahur Ahmed Chowdhury Stadium, Chittagong",Bangladesh,-,Sri Lanka,NA,LHB,SLA,spin bowler,1,1,1,TRUE,-70,-112,5,NA,NA,ON_SIDE_DRIVE_ON_FRONT_FOOT,1,-1,-1
813392,690349,1,Kumar Sangakkara,50710,Sri Lanka,Shakib Al Hasan,56143,Bangladesh,5,120.05,run,1,FALSE,NA,50710,121,0,0,0,0,221,353,20.5,3,86,432,7,725,0,0,2,1,0,2014-02-04,2014,"Zahur Ahmed Chowdhury Stadium, Chittagong",Bangladesh,-,Sri Lanka,NA,LHB,SLA,spin bowler,1,1,1,TRUE,-125,-43,6,NA,NA,LEG_GLANCE,1,-1,-1
813399,690349,1,Kumar Sangakkara,50710,Sri Lanka,Shakib Al Hasan,56143,Bangladesh,3,129.03,run,2,FALSE,NA,50710,130,0,0,0,0,233,376,23.3,3,98,460,7,777,0,0,2,2,0,2014-02-04,2014,"Zahur Ahmed Chowdhury Stadium, Chittagong",Bangladesh,-,Sri Lanka,NA,LHB,SLA,spin bowler,2,1,2,TRUE,147,54,2,NA,NA,CUT_SHOT_ON_BACK_FOOT,1,-1,-1
813401,690349,1,Kumar Sangakkara,50710,Sri Lanka,Shakib Al Hasan,56143,Bangladesh,5,129.05,run,1,FALSE,NA,50710,130,0,0,0,0,234,378,23.5,3,99,461,7,779,0,0,2,2,0,2014-02-04,2014,"Zahur Ahmed Chowdhury Stadium, Chittagong",Bangladesh,-,Sri Lanka,NA,LHB,SLA,spin bowler,1,1,1,TRUE,94,-67,3,NA,NA,OFF_SIDE_DRIVE_ON_FRONT_FOOT,1,-1,-1
813407,690349,1,Kumar Sangakkara,50710,Sri Lanka,Shakib Al Hasan,56143,Bangladesh,6,131.06,run,1,FALSE,NA,50710,132,0,0,0,0,240,386,25,3,102,473,7,792,0,0,2,2,0,2014-02-04,2014,"Zahur Ahmed Chowdhury Stadium, Chittagong",Bangladesh,-,Sri Lanka,NA,LHB,SLA,spin bowler,1,1,1,TRUE,58,-149,4,NA,NA,OFF_SIDE_DRIVE_ON_FRONT_FOOT,1,-1,-1
813410,690349,1,Kumar Sangakkara,50710,Sri Lanka,Shakib Al Hasan,56143,Bangladesh,5,141.05,six,6,FALSE,NA,50710,142,0,0,0,0,266,421,29.5,4,122,522,8,851,0,0,2,2,0,2014-02-04,2014,"Zahur Ahmed Chowdhury Stadium, Chittagong",Bangladesh,-,Sri Lanka,NA,LHB,SLA,spin bowler,6,1,6,TRUE,10,-181,4,NA,NA,OFF_SIDE_DRIVE_ON_FRONT_FOOT,1,-1,-1
813411,690349,1,Kumar Sangakkara,50710,Sri Lanka,Shakib Al Hasan,56143,Bangladesh,6,141.06,run,1,FALSE,NA,50710,142,0,0,0,0,267,422,30,4,123,523,8,852,0,0,2,2,0,2014-02-04,2014,"Zahur Ahmed Chowdhury Stadium, Chittagong",Bangladesh,-,Sri Lanka,NA,LHB,SLA,spin bowler,1,1,1,TRUE,60,-112,4,NA,NA,OFF_SIDE_DRIVE_ON_FRONT_FOOT,1,-1,-1
813414,690349,1,Kumar Sangakkara,50710,Sri Lanka,Shakib Al Hasan,56143,Bangladesh,3,145.03,six,6,FALSE,NA,50710,146,0,0,0,0,284,434,31.2,5,130,546,9,872,0,0,2,2,0,2014-02-04,2014,"Zahur Ahmed Chowdhury Stadium, Chittagong",Bangladesh,-,Sri Lanka,NA,LHB,SLA,spin bowler,6,1,6,TRUE,-58,-171,5,NA,NA,CUT_SHOT_ON_FRONT_FOOT,1,-1,-1
813419,690349,1,Kumar Sangakkara,50710,Sri Lanka,Shakib Al Hasan,56143,Bangladesh,6,137.06,run,2,FALSE,NA,50710,138,0,0,0,0,252,409,28,3,106,492,7,828,0,0,2,2,0,2014-02-04,2014,"Zahur Ahmed Chowdhury Stadium, Chittagong",Bangladesh,-,Sri Lanka,NA,LHB,SLA,spin bowler,2,1,2,TRUE,135,-47,3,NA,NA,CUT_SHOT_ON_BACK_FOOT,1,-1,-1
813421,690349,1,Kumar Sangakkara,50710,Sri Lanka,Shakib Al Hasan,56143,Bangladesh,2,141.02,six,6,FALSE,NA,50710,142,0,0,0,0,260,418,29.2,4,116,516,8,848,0,0,2,2,0,2014-02-04,2014,"Zahur Ahmed Chowdhury Stadium, Chittagong",Bangladesh,-,Sri Lanka,NA,LHB,SLA,spin bowler,6,1,6,TRUE,-18,-182,5,NA,NA,ON_SIDE_DRIVE_ON_FRONT_FOOT,1,-1,-1
813425,690349,1,Kumar Sangakkara,50710,Sri Lanka,Shakib Al Hasan,56143,Bangladesh,7,145.07,run,1,FALSE,NA,50710,146,0,0,0,0,285,438,32,5,131,547,9,876,0,0,2,2,0,2014-02-04,2014,"Zahur Ahmed Chowdhury Stadium, Chittagong",Bangladesh,-,Sri Lanka,NA,LHB,SLA,spin bowler,1,1,1,TRUE,146,32,2,NA,NA,CUT_SHOT_ON_BACK_FOOT,1,-1,-1
813428,690349,1,Kumar Sangakkara,50710,Sri Lanka,Shakib Al Hasan,56143,Bangladesh,3,147.03,four,4,FALSE,NA,50710,148,0,0,0,0,290,445,32.3,5,135,552,9,885,0,0,2,2,0,2014-02-04,2014,"Zahur Ahmed Chowdhury Stadium, Chittagong",Bangladesh,-,Sri Lanka,NA,LHB,SLA,spin bowler,4,1,4,TRUE,-155,-77,6,NA,NA,ON_SIDE_DRIVE_ON_FRONT_FOOT,1,-1,-1
813429,690349,1,Kumar Sangakkara,50710,Sri Lanka,Shakib Al Hasan,56143,Bangladesh,4,147.04,six,6,FALSE,NA,50710,148,0,0,0,0,296,446,32.4,5,141,558,9,886,0,0,2,2,0,2014-02-04,2014,"Zahur Ahmed Chowdhury Stadium, Chittagong",Bangladesh,-,Sri Lanka,NA,LHB,SLA,spin bowler,6,1,6,TRUE,-144,-133,5,NA,NA,ON_SIDE_DRIVE_ON_FRONT_FOOT,1,-1,-1
813430,690349,1,Kumar Sangakkara,50710,Sri Lanka,Shakib Al Hasan,56143,Bangladesh,5,147.05,six,6,FALSE,NA,50710,148,0,0,0,0,302,447,32.5,5,147,564,9,887,0,0,2,2,0,2014-02-04,2014,"Zahur Ahmed Chowdhury Stadium, Chittagong",Bangladesh,-,Sri Lanka,NA,LHB,SLA,spin bowler,6,1,6,TRUE,-164,-109,6,NA,NA,ON_SIDE_DRIVE_ON_FRONT_FOOT,1,-1,-1
813431,690349,1,Kumar Sangakkara,50710,Sri Lanka,Shakib Al Hasan,56143,Bangladesh,6,147.06,run,1,FALSE,NA,50710,148,0,0,0,0,303,448,33,5,148,565,9,888,0,0,2,2,0,2014-02-04,2014,"Zahur Ahmed Chowdhury Stadium, Chittagong",Bangladesh,-,Sri Lanka,NA,LHB,SLA,spin bowler,1,1,1,TRUE,110,-70,3,NA,NA,OFF_SIDE_DRIVE_ON_FRONT_FOOT,1,-1,-1
813437,690349,1,Kumar Sangakkara,50710,Sri Lanka,Shakib Al Hasan,56143,Bangladesh,6,133.06,run,1,FALSE,NA,50710,134,0,0,0,0,243,395,26,3,103,477,7,804,0,0,2,2,0,2014-02-04,2014,"Zahur Ahmed Chowdhury Stadium, Chittagong",Bangladesh,-,Sri Lanka,NA,LHB,SLA,spin bowler,1,1,1,TRUE,-139,59,7,NA,NA,LEG_GLANCE,1,-1,-1
813442,690349,1,Kumar Sangakkara,50710,Sri Lanka,Shakib Al Hasan,56143,Bangladesh,5,135.05,run,1,FALSE,NA,50710,136,0,0,0,0,245,402,26.5,3,104,481,7,815,0,0,2,2,0,2014-02-04,2014,"Zahur Ahmed Chowdhury Stadium, Chittagong",Bangladesh,-,Sri Lanka,NA,LHB,SLA,spin bowler,1,1,1,TRUE,60,-134,4,NA,NA,OFF_SIDE_DRIVE_ON_FRONT_FOOT,1,-1,-1
813650,690349,1,Kumar Sangakkara,50710,Sri Lanka,Mahmudullah,56025,Bangladesh,6,28.06,run,1,FALSE,NA,50710,29,0,0,0,0,15,44,2,0,3,71,2,174,0,0,1,1,0,2014-02-04,2014,"Zahur Ahmed Chowdhury Stadium, Chittagong",Bangladesh,-,Sri Lanka,NA,LHB,OB,spin bowler,1,1,1,TRUE,81,-78,4,NA,NA,OFF_SIDE_DRIVE_ON_FRONT_FOOT,1,-1,-1
813652,690349,1,Kumar Sangakkara,50710,Sri Lanka,Mahmudullah,56025,Bangladesh,3,42.03,six,6,FALSE,NA,50710,43,0,0,0,0,50,89,4.3,0,21,128,2,255,0,0,1,2,0,2014-02-04,2014,"Zahur Ahmed Chowdhury Stadium, Chittagong",Bangladesh,-,Sri Lanka,NA,LHB,OB,spin bowler,6,1,6,TRUE,-164,-116,6,NA,NA,PULL_HOOK_ON_BACK_FOOT,1,-1,-1
813654,690349,1,Kumar Sangakkara,50710,Sri Lanka,Mahmudullah,56025,Bangladesh,5,42.05,run,1,FALSE,NA,50710,43,0,0,0,0,51,91,4.5,0,22,129,2,257,0,0,1,2,0,2014-02-04,2014,"Zahur Ahmed Chowdhury Stadium, Chittagong",Bangladesh,-,Sri Lanka,NA,LHB,OB,spin bowler,1,1,1,TRUE,-26,-100,5,NA,NA,ON_SIDE_DRIVE_ON_FRONT_FOOT,1,-1,-1
813657,690349,1,Kumar Sangakkara,50710,Sri Lanka,Mahmudullah,56025,Bangladesh,5,44.05,run,1,FALSE,NA,50710,45,0,0,0,0,52,100,5.5,0,24,131,2,269,0,0,1,2,0,2014-02-04,2014,"Zahur Ahmed Chowdhury Stadium, Chittagong",Bangladesh,-,Sri Lanka,NA,LHB,OB,spin bowler,1,1,1,TRUE,-39,-53,5,NA,NA,ON_SIDE_DRIVE_ON_FRONT_FOOT,1,-1,-1
813662,690349,1,Kumar Sangakkara,50710,Sri Lanka,Mahmudullah,56025,Bangladesh,6,38.06,run,1,FALSE,NA,50710,39,0,0,0,0,31,74,3,0,5,105,2,234,0,0,1,2,0,2014-02-04,2014,"Zahur Ahmed Chowdhury Stadium, Chittagong",Bangladesh,-,Sri Lanka,NA,LHB,OB,spin bowler,1,1,1,TRUE,-127,33,7,NA,NA,LEG_GLANCE,1,-1,-1
813664,690349,1,Kumar Sangakkara,50710,Sri Lanka,Mahmudullah,56025,Bangladesh,4,40.04,run,2,FALSE,NA,50710,41,0,0,0,0,38,80,3.4,0,8,114,2,244,0,0,1,2,0,2014-02-04,2014,"Zahur Ahmed Chowdhury Stadium, Chittagong",Bangladesh,-,Sri Lanka,NA,LHB,OB,spin bowler,2,1,2,TRUE,-119,-11,6,NA,NA,LEG_GLANCE,1,-1,-1
813665,690349,1,Kumar Sangakkara,50710,Sri Lanka,Mahmudullah,56025,Bangladesh,5,40.05,six,6,FALSE,NA,50710,41,0,0,0,0,44,81,3.5,0,14,120,2,245,0,0,1,2,0,2014-02-04,2014,"Zahur Ahmed Chowdhury Stadium, Chittagong",Bangladesh,-,Sri Lanka,NA,LHB,OB,spin bowler,6,1,6,TRUE,-135,-128,5,NA,NA,PULL_HOOK_ON_BACK_FOOT,1,-1,-1
813668,690349,1,Kumar Sangakkara,50710,Sri Lanka,Mahmudullah,56025,Bangladesh,6,50.06,run,1,FALSE,NA,50710,51,0,0,0,0,60,117,9,0,33,145,2,306,0,0,1,2,0,2014-02-04,2014,"Zahur Ahmed Chowdhury Stadium, Chittagong",Bangladesh,-,Sri Lanka,NA,LHB,OB,spin bowler,1,1,1,TRUE,-132,34,7,NA,NA,LEG_GLANCE,1,-1,-1
813670,690349,1,Kumar Sangakkara,50710,Sri Lanka,Mahmudullah,56025,Bangladesh,4,46.04,four,4,FALSE,NA,50710,47,0,0,0,0,57,105,6.4,0,29,138,2,280,0,0,1,2,0,2014-02-04,2014,"Zahur Ahmed Chowdhury Stadium, Chittagong",Bangladesh,-,Sri Lanka,NA,LHB,OB,spin bowler,4,1,4,TRUE,2,-179,4,NA,NA,OFF_SIDE_DRIVE_ON_FRONT_FOOT,1,-1,-1
813673,690349,1,Kumar Sangakkara,50710,Sri Lanka,Mahmudullah,56025,Bangladesh,1,48.01,run,1,FALSE,NA,50710,49,0,0,0,0,59,111,7.1,0,30,141,2,289,0,0,1,2,0,2014-02-04,2014,"Zahur Ahmed Chowdhury Stadium, Chittagong",Bangladesh,-,Sri Lanka,NA,LHB,OB,spin bowler,1,1,1,TRUE,-106,42,7,NA,NA,LEG_GLANCE,1,-1,-1
813675,690349,1,Kumar Sangakkara,50710,Sri Lanka,Mahmudullah,56025,Bangladesh,5,62.05,four,4,FALSE,NA,50710,63,0,0,0,0,101,146,10.5,0,40,208,2,377,0,0,1,3,0,2014-02-04,2014,"Zahur Ahmed Chowdhury Stadium, Chittagong",Bangladesh,-,Sri Lanka,NA,LHB,OB,spin bowler,4,1,4,TRUE,-82,147,8,NA,NA,LEG_GLANCE,1,-1,-1
813684,690349,1,Kumar Sangakkara,50710,Sri Lanka,Mahmudullah,56025,Bangladesh,2,60.02,run,1,FALSE,NA,50710,61,0,0,0,0,97,144,9.2,0,34,197,2,362,0,0,1,3,0,2014-02-04,2014,"Zahur Ahmed Chowdhury Stadium, Chittagong",Bangladesh,-,Sri Lanka,NA,LHB,OB,spin bowler,1,1,1,TRUE,-131,30,7,NA,NA,LEG_GLANCE,1,-1,-1
813685,690349,1,Kumar Sangakkara,50710,Sri Lanka,Mahmudullah,56025,Bangladesh,3,76.03,run,1,FALSE,NA,50710,77,0,0,0,0,125,196,17.3,1,60,253,3,459,0,0,1,3,0,2014-02-04,2014,"Zahur Ahmed Chowdhury Stadium, Chittagong",Bangladesh,-,Sri Lanka,NA,LHB,OB,spin bowler,1,1,1,TRUE,-38,-133,5,NA,NA,ON_SIDE_DRIVE_ON_FRONT_FOOT,1,-1,-1
813687,690349,1,Kumar Sangakkara,50710,Sri Lanka,Mahmudullah,56025,Bangladesh,6,76.06,run,1,FALSE,NA,50710,77,0,0,0,0,126,198,18,1,62,255,3,462,0,0,1,3,0,2014-02-04,2014,"Zahur Ahmed Chowdhury Stadium, Chittagong",Bangladesh,-,Sri Lanka,NA,LHB,OB,spin bowler,1,1,1,TRUE,-35,-137,5,NA,NA,ON_SIDE_DRIVE_ON_FRONT_FOOT,1,-1,-1
813690,690349,1,Kumar Sangakkara,50710,Sri Lanka,Mahmudullah,56025,Bangladesh,4,78.04,run,1,FALSE,NA,50710,79,0,0,0,0,128,206,18.4,1,64,259,3,472,0,0,1,3,0,2014-02-04,2014,"Zahur Ahmed Chowdhury Stadium, Chittagong",Bangladesh,-,Sri Lanka,NA,LHB,OB,spin bowler,1,1,1,TRUE,-132,51,7,NA,NA,LEG_GLANCE,1,-1,-1
813693,690349,1,Kumar Sangakkara,50710,Sri Lanka,Mahmudullah,56025,Bangladesh,4,82.04,run,1,FALSE,NA,50710,83,0,0,0,0,134,216,20.4,1,69,273,3,496,0,0,1,3,0,2014-02-04,2014,"Zahur Ahmed Chowdhury Stadium, Chittagong",Bangladesh,-,Sri Lanka,NA,LHB,OB,spin bowler,1,1,1,TRUE,-39,-146,5,NA,NA,ON_SIDE_DRIVE_ON_FRONT_FOOT,1,-1,-1
813696,690349,1,Kumar Sangakkara,50710,Sri Lanka,Mahmudullah,56025,Bangladesh,6,66.06,run,1,FALSE,NA,50710,67,0,0,0,0,103,161,13,0,42,215,2,402,0,0,1,3,0,2014-02-04,2014,"Zahur Ahmed Chowdhury Stadium, Chittagong",Bangladesh,-,Sri Lanka,NA,LHB,OB,spin bowler,1,1,1,TRUE,67,-16,3,NA,NA,OFF_SIDE_DRIVE_ON_FRONT_FOOT,1,-1,-1
813699,690349,1,Kumar Sangakkara,50710,Sri Lanka,Mahmudullah,56025,Bangladesh,3,68.03,run,1,FALSE,NA,50710,69,0,0,0,0,109,169,13.3,0,43,221,2,411,0,0,1,3,0,2014-02-04,2014,"Zahur Ahmed Chowdhury Stadium, Chittagong",Bangladesh,-,Sri Lanka,NA,LHB,OB,spin bowler,1,1,1,TRUE,-42,-110,5,NA,NA,ON_SIDE_DRIVE_ON_FRONT_FOOT,1,-1,-1
813700,690349,1,Kumar Sangakkara,50710,Sri Lanka,Mahmudullah,56025,Bangladesh,1,72.01,four,4,FALSE,NA,50710,73,0,0,0,0,120,178,15.1,1,52,238,3,433,0,0,1,3,0,2014-02-04,2014,"Zahur Ahmed Chowdhury Stadium, Chittagong",Bangladesh,-,Sri Lanka,NA,LHB,OB,spin bowler,4,1,4,TRUE,-131,-113,6,NA,NA,PULL_HOOK_ON_BACK_FOOT,1,-1,-1
813704,690349,1,Kumar Sangakkara,50710,Sri Lanka,Mahmudullah,56025,Bangladesh,5,72.05,run,1,FALSE,NA,50710,73,0,0,0,0,121,182,15.5,1,53,239,3,437,0,0,1,3,0,2014-02-04,2014,"Zahur Ahmed Chowdhury Stadium, Chittagong",Bangladesh,-,Sri Lanka,NA,LHB,OB,spin bowler,1,1,1,TRUE,-64,64,7,NA,NA,LEG_GLANCE,1,-1,-1
813707,690349,1,Kumar Sangakkara,50710,Sri Lanka,Mahmudullah,56025,Bangladesh,3,74.03,run,1,FALSE,NA,50710,75,0,0,0,0,123,191,16.3,1,54,241,3,447,0,0,1,3,0,2014-02-04,2014,"Zahur Ahmed Chowdhury Stadium, Chittagong",Bangladesh,-,Sri Lanka,NA,LHB,OB,spin bowler,1,1,1,TRUE,-60,-136,5,NA,NA,ON_SIDE_DRIVE_ON_FRONT_FOOT,1,-1,-1
813710,690349,1,Kumar Sangakkara,50710,Sri Lanka,Mahmudullah,56025,Bangladesh,3,91.03,run,1,FALSE,NA,50710,92,0,0,0,0,160,245,21.3,1,70,314,5,549,0,0,1,3,0,2014-02-04,2014,"Zahur Ahmed Chowdhury Stadium, Chittagong",Bangladesh,-,Sri Lanka,NA,LHB,OB,spin bowler,1,1,1,TRUE,-40,-124,5,NA,NA,ON_SIDE_DRIVE_ON_FRONT_FOOT,1,-1,-1
813711,690349,1,Kumar Sangakkara,50710,Sri Lanka,Mahmudullah,56025,Bangladesh,2,108.02,four,4,FALSE,NA,50710,109,0,0,0,0,196,299,26.2,1,85,396,5,650,0,0,2,1,0,2014-02-04,2014,"Zahur Ahmed Chowdhury Stadium, Chittagong",Bangladesh,-,Sri Lanka,NA,LHB,OB,spin bowler,4,1,4,TRUE,-52,-168,5,NA,NA,ON_SIDE_DRIVE_ON_FRONT_FOOT,1,-1,-1
813713,690349,1,Kumar Sangakkara,50710,Sri Lanka,Mahmudullah,56025,Bangladesh,4,108.04,four,4,FALSE,NA,50710,109,0,0,0,0,200,301,26.4,1,89,400,5,652,0,0,2,1,0,2014-02-04,2014,"Zahur Ahmed Chowdhury Stadium, Chittagong",Bangladesh,-,Sri Lanka,NA,LHB,OB,spin bowler,4,1,4,TRUE,-48,-167,5,NA,NA,ON_SIDE_DRIVE_ON_FRONT_FOOT,1,-1,-1
813720,690349,1,Kumar Sangakkara,50710,Sri Lanka,Mahmudullah,56025,Bangladesh,5,100.05,run,1,FALSE,NA,50710,101,0,0,0,0,179,276,22.5,1,71,359,5,605,0,0,2,1,0,2014-02-04,2014,"Zahur Ahmed Chowdhury Stadium, Chittagong",Bangladesh,-,Sri Lanka,NA,LHB,OB,spin bowler,1,1,1,TRUE,-138,-72,6,NA,NA,PULL_HOOK_ON_BACK_FOOT,1,-1,-1
813722,690349,1,Kumar Sangakkara,50710,Sri Lanka,Mahmudullah,56025,Bangladesh,2,104.02,four,4,FALSE,NA,50710,105,0,0,0,0,185,286,24.2,1,77,374,5,626,0,0,2,1,0,2014-02-04,2014,"Zahur Ahmed Chowdhury Stadium, Chittagong",Bangladesh,-,Sri Lanka,NA,LHB,OB,spin bowler,4,1,4,TRUE,-160,59,7,NA,NA,SWEEP,1,-1,-1
813724,690349,1,Kumar Sangakkara,50710,Sri Lanka,Mahmudullah,56025,Bangladesh,4,104.04,run,1,FALSE,NA,50710,105,0,0,0,0,186,288,24.4,1,78,375,5,628,0,0,2,1,0,2014-02-04,2014,"Zahur Ahmed Chowdhury Stadium, Chittagong",Bangladesh,-,Sri Lanka,NA,LHB,OB,spin bowler,1,1,1,TRUE,-140,-69,6,NA,NA,LEG_GLANCE,1,-1,-1
813727,690349,1,Kumar Sangakkara,50710,Sri Lanka,Mahmudullah,56025,Bangladesh,3,106.03,run,1,FALSE,NA,50710,107,0,0,0,0,189,294,25.3,1,79,383,5,639,0,0,2,1,0,2014-02-04,2014,"Zahur Ahmed Chowdhury Stadium, Chittagong",Bangladesh,-,Sri Lanka,NA,LHB,OB,spin bowler,1,1,1,TRUE,-118,-27,6,NA,NA,LEG_GLANCE,1,-1,-1
813728,690349,1,Kumar Sangakkara,50710,Sri Lanka,Mahmudullah,56025,Bangladesh,5,106.05,run,1,FALSE,NA,50710,107,0,0,0,0,190,295,25.5,1,81,385,5,641,0,0,2,1,0,2014-02-04,2014,"Zahur Ahmed Chowdhury Stadium, Chittagong",Bangladesh,-,Sri Lanka,NA,LHB,OB,spin bowler,1,1,1,TRUE,-118,-42,6,NA,NA,LEG_GLANCE,1,-1,-1
813733,690349,1,Kumar Sangakkara,50710,Sri Lanka,Mahmudullah,56025,Bangladesh,4,115.04,run,2,FALSE,NA,50710,116,0,0,0,0,211,331,27.4,1,91,413,7,694,0,0,2,1,0,2014-02-04,2014,"Zahur Ahmed Chowdhury Stadium, Chittagong",Bangladesh,-,Sri Lanka,NA,LHB,OB,spin bowler,2,1,2,TRUE,-167,11,6,NA,NA,LEG_GLANCE,1,-1,-1
813736,690349,1,Kumar Sangakkara,50710,Sri Lanka,Mahmudullah,56025,Bangladesh,7,115.07,run,1,FALSE,NA,50710,116,0,0,0,0,212,333,28,1,93,415,7,696,0,0,2,1,0,2014-02-04,2014,"Zahur Ahmed Chowdhury Stadium, Chittagong",Bangladesh,-,Sri Lanka,NA,LHB,OB,spin bowler,1,1,1,TRUE,154,-43,3,NA,NA,CUT_SHOT_ON_BACK_FOOT,1,-1,-1
813737,690349,1,Kumar Sangakkara,50710,Sri Lanka,Mahmudullah,56025,Bangladesh,1,117.01,run,1,FALSE,NA,50710,118,0,0,0,0,218,339,28.1,1,94,425,7,703,0,0,2,1,0,2014-02-04,2014,"Zahur Ahmed Chowdhury Stadium, Chittagong",Bangladesh,-,Sri Lanka,NA,LHB,OB,spin bowler,1,1,1,TRUE,53,-127,4,NA,NA,OFF_SIDE_DRIVE_ON_FRONT_FOOT,1,-1,-1
813742,690349,1,Kumar Sangakkara,50710,Sri Lanka,Mahmudullah,56025,Bangladesh,3,119.03,run,1,FALSE,NA,50710,120,0,0,0,0,220,348,29.3,1,98,431,7,717,0,0,2,1,0,2014-02-04,2014,"Zahur Ahmed Chowdhury Stadium, Chittagong",Bangladesh,-,Sri Lanka,NA,LHB,OB,spin bowler,1,1,1,TRUE,65,-145,4,NA,NA,OFF_SIDE_DRIVE_ON_FRONT_FOOT,1,-1,-1
813743,690349,1,Kumar Sangakkara,50710,Sri Lanka,Mahmudullah,56025,Bangladesh,1,122.01,run,1,FALSE,NA,50710,123,0,0,0,0,223,355,30.1,1,99,438,7,733,0,0,2,1,0,2014-02-04,2014,"Zahur Ahmed Chowdhury Stadium, Chittagong",Bangladesh,-,Sri Lanka,NA,LHB,OB,spin bowler,1,1,1,TRUE,-128,-53,6,NA,NA,LEG_GLANCE,1,-1,-1
813746,690349,1,Kumar Sangakkara,50710,Sri Lanka,Mahmudullah,56025,Bangladesh,3,155.03,run,2,FALSE,NA,50710,156,0,0,0,0,318,477,33.3,1,105,582,9,933,0,0,2,2,0,2014-02-04,2014,"Zahur Ahmed Chowdhury Stadium, Chittagong",Bangladesh,-,Sri Lanka,NA,LHB,OB,spin bowler,2,1,2,TRUE,-1,-170,5,NA,NA,PULL_HOOK_ON_BACK_FOOT,1,-1,-1
813747,690349,1,Kumar Sangakkara,50710,Sri Lanka,Mahmudullah,56025,Bangladesh,4,155.04,run,1,FALSE,NA,50710,156,0,0,0,0,319,478,33.4,1,106,583,9,934,0,0,2,2,0,2014-02-04,2014,"Zahur Ahmed Chowdhury Stadium, Chittagong",Bangladesh,-,Sri Lanka,NA,LHB,OB,spin bowler,1,1,1,TRUE,-130,-71,6,NA,NA,LEG_GLANCE,1,-1,-1
813751,690349,1,Kumar Sangakkara,50710,Sri Lanka,Mahmudullah,56025,Bangladesh,4,151.04,run,1,FALSE,NA,50710,152,0,0,0,0,313,462,31.4,1,102,575,9,910,0,0,2,2,0,2014-02-04,2014,"Zahur Ahmed Chowdhury Stadium, Chittagong",Bangladesh,-,Sri Lanka,NA,LHB,OB,spin bowler,1,1,1,TRUE,123,-18,3,NA,NA,OFF_SIDE_DRIVE_ON_FRONT_FOOT,1,-1,-1
813755,690349,1,Kumar Sangakkara,50710,Sri Lanka,Mahmudullah,56025,Bangladesh,4,153.04,run,1,FALSE,NA,50710,154,0,0,0,0,315,470,32.4,1,103,579,9,922,0,0,2,2,0,2014-02-04,2014,"Zahur Ahmed Chowdhury Stadium, Chittagong",Bangladesh,-,Sri Lanka,NA,LHB,OB,spin bowler,1,1,1,TRUE,26,-149,4,NA,NA,OFF_SIDE_DRIVE_ON_FRONT_FOOT,1,-1,-1
813909,690349,1,Kumar Sangakkara,50710,Sri Lanka,Nasir Hossain,300618,Bangladesh,5,109.05,run,1,FALSE,NA,50710,110,0,0,0,0,201,305,2.5,0,11,402,5,659,0,0,2,1,0,2014-02-04,2014,"Zahur Ahmed Chowdhury Stadium, Chittagong",Bangladesh,-,Sri Lanka,NA,LHB,OB,spin bowler,1,1,1,TRUE,-82,24,7,NA,NA,LEG_GLANCE,1,-1,-1
813913,690349,1,Kumar Sangakkara,50710,Sri Lanka,Nasir Hossain,300618,Bangladesh,4,111.04,run,2,FALSE,NA,50710,112,0,0,0,0,205,311,3.4,1,13,407,7,670,0,0,2,1,0,2014-02-04,2014,"Zahur Ahmed Chowdhury Stadium, Chittagong",Bangladesh,-,Sri Lanka,NA,LHB,OB,spin bowler,2,1,2,TRUE,126,-50,3,NA,NA,OFF_SIDE_DRIVE_ON_FRONT_FOOT,1,-1,-1
813915,690349,1,Kumar Sangakkara,50710,Sri Lanka,Nasir Hossain,300618,Bangladesh,6,111.06,run,1,FALSE,NA,50710,112,0,0,0,0,206,313,4,1,14,408,7,672,0,0,2,1,0,2014-02-04,2014,"Zahur Ahmed Chowdhury Stadium, Chittagong",Bangladesh,-,Sri Lanka,NA,LHB,OB,spin bowler,1,1,1,TRUE,-33,-93,5,NA,NA,ON_SIDE_DRIVE_ON_FRONT_FOOT,1,-1,-1
813916,690349,1,Kumar Sangakkara,50710,Sri Lanka,Nasir Hossain,300618,Bangladesh,1,107.01,run,1,FALSE,NA,50710,108,0,0,0,0,191,296,1.1,0,3,386,5,643,0,0,2,1,0,2014-02-04,2014,"Zahur Ahmed Chowdhury Stadium, Chittagong",Bangladesh,-,Sri Lanka,NA,LHB,OB,spin bowler,1,1,1,TRUE,-87,22,7,NA,NA,LEG_GLANCE,1,-1,-1
813917,690349,1,Kumar Sangakkara,50710,Sri Lanka,Nasir Hossain,300618,Bangladesh,6,107.06,run,1,FALSE,NA,50710,108,0,0,0,0,192,297,2,0,9,392,5,648,0,0,2,1,0,2014-02-04,2014,"Zahur Ahmed Chowdhury Stadium, Chittagong",Bangladesh,-,Sri Lanka,NA,LHB,OB,spin bowler,1,1,1,TRUE,37,-143,4,NA,NA,OFF_SIDE_DRIVE_ON_FRONT_FOOT,1,-1,-1
813920,690349,1,Kumar Sangakkara,50710,Sri Lanka,Nasir Hossain,300618,Bangladesh,3,113.03,run,1,FALSE,NA,50710,114,0,0,0,0,208,322,4.3,1,15,410,7,681,0,0,2,1,0,2014-02-04,2014,"Zahur Ahmed Chowdhury Stadium, Chittagong",Bangladesh,-,Sri Lanka,NA,LHB,OB,spin bowler,1,1,1,TRUE,79,-110,4,NA,NA,OFF_SIDE_DRIVE_ON_FRONT_FOOT,1,-1,-1
813924,690349,1,Kumar Sangakkara,50710,Sri Lanka,Nasir Hossain,300618,Bangladesh,4,154.04,run,1,FALSE,NA,50710,155,0,0,0,0,316,474,5.4,1,16,580,9,928,0,0,2,2,0,2014-02-04,2014,"Zahur Ahmed Chowdhury Stadium, Chittagong",Bangladesh,-,Sri Lanka,NA,LHB,OB,spin bowler,1,1,1,TRUE,86,-101,4,NA,NA,OFF_SIDE_DRIVE_ON_FRONT_FOOT,1,-1,-1
813962,690349,1,Kumar Sangakkara,50710,Sri Lanka,Shamsur Rahman,56154,Bangladesh,2,59.02,run,2,FALSE,NA,50710,60,0,0,0,0,94,139,0.2,0,2,193,2,356,0,0,1,2,0,2014-02-04,2014,"Zahur Ahmed Chowdhury Stadium, Chittagong",Bangladesh,-,Sri Lanka,NA,LHB,-,mixture/unknown,2,1,2,TRUE,4,138,1,NA,NA,NO_SHOT,0,-1,-1
813964,690349,1,Kumar Sangakkara,50710,Sri Lanka,Shamsur Rahman,56154,Bangladesh,4,59.04,run,1,FALSE,NA,50710,60,0,0,0,0,95,141,0.4,0,3,194,2,358,0,0,1,2,0,2014-02-04,2014,"Zahur Ahmed Chowdhury Stadium, Chittagong",Bangladesh,-,Sri Lanka,NA,LHB,-,mixture/unknown,1,1,1,TRUE,-91,49,7,NA,NA,LEG_GLANCE,1,-1,-1
813965,690349,1,Kumar Sangakkara,50710,Sri Lanka,Shamsur Rahman,56154,Bangladesh,6,59.06,run,1,FALSE,NA,50710,60,0,0,0,0,96,142,1,0,5,196,2,360,0,0,1,2,0,2014-02-04,2014,"Zahur Ahmed Chowdhury Stadium, Chittagong",Bangladesh,-,Sri Lanka,NA,LHB,-,mixture/unknown,1,1,1,TRUE,-77,22,7,NA,NA,LEG_GLANCE,1,-1,-1
813966,690349,1,Kumar Sangakkara,50710,Sri Lanka,Mominul Haque,373696,Bangladesh,1,125.01,run,1,FALSE,NA,50710,126,0,0,0,0,226,364,2.1,0,3,445,7,751,0,0,2,2,0,2014-02-04,2014,"Zahur Ahmed Chowdhury Stadium, Chittagong",Bangladesh,-,Sri Lanka,NA,LHB,SLA,spin bowler,1,1,1,TRUE,7,-75,4,NA,NA,OFF_SIDE_DRIVE_ON_FRONT_FOOT,1,-1,-1
813968,690349,1,Kumar Sangakkara,50710,Sri Lanka,Mominul Haque,373696,Bangladesh,2,127.02,run,1,FALSE,NA,50710,128,0,0,0,0,229,371,3.2,0,4,449,7,764,0,0,2,2,0,2014-02-04,2014,"Zahur Ahmed Chowdhury Stadium, Chittagong",Bangladesh,-,Sri Lanka,NA,LHB,SLA,spin bowler,1,1,1,TRUE,-137,-84,6,NA,NA,LEG_GLANCE,1,-1,-1
813969,690349,1,Kumar Sangakkara,50710,Sri Lanka,Mominul Haque,373696,Bangladesh,1,121.01,run,1,FALSE,NA,50710,122,0,0,0,0,222,354,0.1,0,1,437,7,727,0,0,2,1,0,2014-02-04,2014,"Zahur Ahmed Chowdhury Stadium, Chittagong",Bangladesh,-,Sri Lanka,NA,LHB,SLA,spin bowler,1,1,1,TRUE,77,-107,4,NA,NA,OFF_SIDE_DRIVE_ON_FRONT_FOOT,1,-1,-1
813972,690349,1,Kumar Sangakkara,50710,Sri Lanka,Mominul Haque,373696,Bangladesh,3,123.03,run,1,FALSE,NA,50710,124,0,0,0,0,224,358,1.3,0,2,441,7,741,0,0,2,2,0,2014-02-04,2014,"Zahur Ahmed Chowdhury Stadium, Chittagong",Bangladesh,-,Sri Lanka,NA,LHB,SLA,spin bowler,1,1,1,TRUE,-34,-128,5,NA,NA,ON_SIDE_DRIVE_ON_FRONT_FOOT,1,-1,-1
